user_id,gender,birthdate,registered_at
1,female,1970-04-22,2023-07-01 08:13:07
2,female,1991-12-08,2023-07-01 09:53:48
3,female,1971-03-15,2023-07-01 10:07:00
4,male,1975-11-08,2023-07-01 10:28:08
5,male,2005-05-10,2023-07-01 11:02:21
6,female,1966-12-30,2023-07-01 11:38:53
7,male,1979-03-03,2023-07-01 11:53:12
8,female,2006-06-16,2023-07-01 12:32:21
9,female,1984-08-15,2023-07-01 12:33:40
10,male,2004-02-10,2023-07-01 14:17:27
11,male,2008-06-14,2023-07-02 08:57:19
12,female,1986-10-14,2023-07-02 10:35:19
13,male,1966-09-18,2023-07-02 10:35:45
14,female,1991-02-01,2023-07-02 10:41:39
15,male,1983-09-14,2023-07-02 11:01:22
16,female,1976-08-18,2023-07-02 11:08:26
17,male,1975-01-26,2023-07-02 11:35:32
18,female,1998-05-03,2023-07-02 11:44:49
19,male,2001-09-17,2023-07-02 11:45:17
20,female,1981-11-26,2023-07-02 11:58:45
21,male,1981-11-10,2023-07-02 12:03:21
22,female,1974-02-17,2023-07-02 12:21:15
23,female,1989-08-01,2023-07-02 12:29:43
24,female,1970-03-30,2023-07-02 13:36:00
25,female,1985-06-24,2023-07-02 14:09:51
26,male,1998-04-12,2023-07-02 14:21:10
27,male,1970-04-12,2023-07-02 15:28:36
28,male,1979-05-15,2023-07-02 16:52:13
29,male,1997-08-31,2023-07-02 17:32:26
30,male,1995-04-28,2023-07-03 08:38:59
31,female,1988-12-15,2023-07-03 09:09:04
32,male,1975-08-26,2023-07-03 09:18:54
33,male,1982-12-18,2023-07-03 09:53:14
34,female,1986-03-18,2023-07-03 10:40:17
35,female,2008-10-22,2023-07-03 10:50:13
36,female,1972-07-05,2023-07-03 11:33:50
37,female,1988-04-07,2023-07-03 11:34:34
38,male,1976-01-25,2023-07-03 11:57:18
39,female,1995-08-17,2023-07-03 12:38:40
40,male,1964-10-24,2023-07-03 12:51:25
41,male,1965-08-11,2023-07-03 12:58:41
42,male,1995-01-12,2023-07-03 13:37:56
43,female,1987-10-06,2023-07-03 14:02:15
44,male,1969-12-14,2023-07-03 14:26:40
45,male,2001-11-08,2023-07-03 15:42:43
46,male,1970-05-20,2023-07-04 09:22:05
47,male,1976-10-02,2023-07-04 11:13:53
48,female,1991-08-28,2023-07-04 11:43:43
49,male,1998-06-30,2023-07-04 11:44:36
50,female,1993-09-16,2023-07-04 11:57:23
51,male,2007-08-02,2023-07-04 12:19:52
52,male,2004-02-17,2023-07-04 12:24:22
53,female,2005-03-20,2023-07-04 13:16:50
54,male,1982-02-03,2023-07-04 13:45:53
55,female,1975-08-11,2023-07-04 13:51:26
56,male,2009-01-09,2023-07-04 14:02:25
57,female,1965-01-20,2023-07-04 14:29:31
58,male,1998-12-23,2023-07-04 16:42:00
59,female,1972-11-20,2023-07-04 16:56:55
60,male,2001-09-01,2023-07-04 18:17:54
61,male,1982-02-04,2023-07-05 10:16:19
62,female,1998-05-10,2023-07-05 10:46:04
63,female,1977-11-07,2023-07-05 10:52:39
64,female,1980-01-05,2023-07-05 10:55:31
65,female,1983-09-24,2023-07-05 11:11:54
66,female,1994-05-06,2023-07-05 11:14:06
67,male,1997-08-31,2023-07-05 12:41:22
68,male,1988-09-09,2023-07-05 13:24:40
69,male,1988-02-01,2023-07-05 13:55:06
70,male,1991-07-16,2023-07-05 14:10:35
71,male,1981-07-11,2023-07-05 15:29:42
72,female,1998-04-08,2023-07-05 15:44:39
73,female,1973-05-08,2023-07-05 15:52:21
74,male,2002-10-10,2023-07-05 16:34:12
75,female,1977-08-20,2023-07-06 08:31:41
76,male,1986-06-18,2023-07-06 09:30:04
77,male,1996-03-27,2023-07-06 09:30:06
78,female,1982-05-20,2023-07-06 10:14:06
79,male,2008-11-29,2023-07-06 10:21:36
80,female,2001-06-17,2023-07-06 10:48:04
81,male,1969-12-26,2023-07-06 11:04:13
82,female,2007-05-10,2023-07-06 11:07:53
83,female,1997-01-18,2023-07-06 11:21:49
84,male,1985-05-01,2023-07-06 11:37:00
85,male,1977-01-13,2023-07-06 11:46:40
86,female,2008-10-06,2023-07-06 11:52:38
87,female,1978-05-12,2023-07-06 11:57:21
88,male,1995-09-27,2023-07-06 12:57:18
89,female,1991-08-14,2023-07-06 14:12:05
90,male,1983-03-15,2023-07-06 14:18:51
91,male,2000-09-30,2023-07-06 15:14:53
92,male,1970-03-03,2023-07-06 15:21:52
93,female,2006-03-18,2023-07-06 15:44:09
94,male,1993-03-23,2023-07-06 16:55:25
95,male,2003-12-11,2023-07-06 17:00:01
96,female,1986-04-21,2023-07-07 08:57:51
97,male,1999-08-04,2023-07-07 09:08:42
98,female,2008-03-29,2023-07-07 09:13:07
99,female,1985-04-11,2023-07-07 09:49:05
100,male,1985-02-06,2023-07-07 12:20:48
101,male,1976-04-28,2023-07-07 12:38:56
102,female,1990-08-08,2023-07-07 12:54:30
103,female,2008-04-25,2023-07-07 13:33:41
104,female,2004-03-29,2023-07-07 14:13:00
105,male,1970-08-19,2023-07-07 14:22:16
106,male,1984-08-19,2023-07-07 14:24:57
107,male,1993-04-26,2023-07-07 14:37:07
108,male,2000-05-19,2023-07-07 16:54:38
109,male,1997-04-30,2023-07-08 08:04:16
110,male,2000-06-18,2023-07-08 09:57:40
111,male,1992-03-05,2023-07-08 10:38:29
112,female,1980-03-26,2023-07-08 10:44:11
113,female,2004-06-01,2023-07-08 10:52:31
114,male,1975-09-30,2023-07-08 11:11:11
115,female,1991-07-28,2023-07-08 11:24:55
116,female,1990-08-02,2023-07-08 11:43:23
117,female,1968-02-20,2023-07-08 11:48:30
118,female,1965-12-29,2023-07-08 12:10:59
119,female,1993-07-22,2023-07-08 12:11:16
120,male,1970-11-22,2023-07-08 12:30:50
121,male,1983-10-23,2023-07-08 13:01:35
122,male,1981-01-12,2023-07-08 13:19:52
123,female,1977-08-17,2023-07-08 13:46:36
124,male,1999-06-28,2023-07-08 14:06:32
125,male,1999-04-19,2023-07-08 14:13:30
126,female,1966-09-01,2023-07-08 14:32:43
127,female,1975-09-29,2023-07-08 14:46:25
128,female,1997-08-05,2023-07-08 14:57:55
129,female,1984-03-05,2023-07-08 18:46:27
130,female,1968-03-17,2023-07-09 09:05:59
131,male,1992-10-18,2023-07-09 09:26:46
132,female,2008-03-15,2023-07-09 09:43:49
133,female,1972-06-18,2023-07-09 09:44:47
134,female,1979-12-28,2023-07-09 10:29:46
135,male,1978-12-30,2023-07-09 10:39:58
136,male,1988-07-16,2023-07-09 11:18:00
137,female,1978-03-31,2023-07-09 11:19:28
138,male,1996-12-08,2023-07-09 11:37:36
139,male,1976-05-28,2023-07-09 11:39:55
140,male,2005-09-01,2023-07-09 11:44:07
141,male,1992-12-11,2023-07-09 11:59:03
142,female,1999-09-09,2023-07-09 12:17:44
143,female,1973-04-13,2023-07-09 12:30:13
144,female,1982-01-13,2023-07-09 12:33:35
145,male,1979-08-21,2023-07-09 12:52:40
146,female,2006-07-27,2023-07-09 13:02:25
147,female,2007-02-15,2023-07-09 14:19:32
148,male,1984-09-08,2023-07-09 14:25:30
149,male,1973-07-19,2023-07-09 14:35:52
150,male,1966-05-08,2023-07-09 14:53:55
151,female,1966-11-07,2023-07-09 15:22:00
152,female,1974-10-21,2023-07-09 17:33:51
153,male,1994-04-22,2023-07-09 19:33:02
154,male,1970-02-21,2023-07-10 09:04:03
155,female,1964-10-02,2023-07-10 10:18:19
156,male,2005-02-03,2023-07-10 10:54:15
157,male,1989-11-26,2023-07-10 11:55:26
158,female,1987-07-03,2023-07-10 12:05:46
159,male,1968-09-02,2023-07-10 12:13:18
160,female,1966-04-22,2023-07-10 13:04:24
161,male,1982-03-04,2023-07-10 13:29:59
162,male,1997-05-12,2023-07-10 13:33:00
163,female,1996-09-18,2023-07-10 13:39:56
164,male,1972-06-06,2023-07-10 13:44:08
165,female,1995-04-18,2023-07-10 13:50:06
166,female,1972-04-09,2023-07-10 14:42:20
167,male,1968-12-11,2023-07-10 15:49:34
168,female,1975-06-03,2023-07-10 16:25:23
169,female,1976-12-31,2023-07-10 17:29:34
170,male,2008-01-26,2023-07-11 09:51:11
171,male,1967-09-10,2023-07-11 11:12:49
172,male,1980-03-20,2023-07-11 11:19:06
173,female,1982-05-18,2023-07-11 11:47:25
174,male,2003-06-06,2023-07-11 12:12:38
175,male,2005-08-10,2023-07-11 12:27:19
176,male,1993-08-31,2023-07-11 12:36:39
177,male,1994-04-12,2023-07-11 13:02:12
178,female,1998-05-18,2023-07-11 13:17:13
179,male,1984-12-31,2023-07-11 13:18:37
180,male,1988-11-11,2023-07-11 13:26:07
181,female,1991-05-20,2023-07-11 14:30:27
182,male,2004-01-28,2023-07-11 14:40:37
183,male,1986-11-01,2023-07-11 14:47:24
184,female,1974-01-20,2023-07-11 14:58:29
185,male,1992-07-10,2023-07-11 15:46:17
186,male,2005-08-20,2023-07-12 10:06:10
187,male,1965-11-01,2023-07-12 10:13:52
188,female,1988-10-27,2023-07-12 11:33:49
189,male,1975-04-24,2023-07-12 13:01:54
190,female,1988-07-19,2023-07-12 14:07:00
191,male,1973-02-03,2023-07-12 14:22:52
192,female,1969-03-14,2023-07-12 14:35:45
193,female,2008-09-09,2023-07-12 15:12:33
194,female,1967-03-03,2023-07-12 15:21:53
195,female,1970-08-25,2023-07-12 15:58:52
196,male,1975-02-13,2023-07-12 16:29:01
197,female,1969-11-15,2023-07-12 18:42:05
198,male,2000-07-23,2023-07-13 07:52:46
199,male,1973-05-11,2023-07-13 10:20:33
200,male,2005-08-22,2023-07-13 11:41:16
201,female,1967-06-17,2023-07-13 13:11:21
202,female,1987-03-17,2023-07-13 13:11:25
203,female,2006-11-18,2023-07-13 13:23:35
204,female,2001-05-30,2023-07-13 13:57:12
205,male,1996-01-11,2023-07-13 14:48:30
206,female,1965-03-26,2023-07-13 15:36:21
207,female,1999-09-08,2023-07-13 16:25:37
208,male,1981-06-28,2023-07-13 16:53:43
209,male,1992-03-31,2023-07-13 18:00:44
210,male,1990-11-05,2023-07-13 18:49:45
211,female,1981-04-22,2023-07-14 07:37:20
212,male,1975-04-17,2023-07-14 08:01:49
213,male,2004-07-17,2023-07-14 09:57:24
214,male,2000-12-27,2023-07-14 10:03:37
215,male,2006-11-06,2023-07-14 10:49:56
216,male,1979-01-05,2023-07-14 11:03:44
217,male,1976-01-07,2023-07-14 11:06:17
218,male,1965-05-02,2023-07-14 11:27:23
219,female,1974-03-28,2023-07-14 12:08:40
220,female,1976-11-15,2023-07-14 12:19:46
221,male,1987-01-13,2023-07-14 12:19:58
222,male,1980-08-29,2023-07-14 12:33:41
223,male,1984-12-31,2023-07-14 12:46:53
224,male,1977-06-25,2023-07-14 14:44:40
225,female,2001-09-20,2023-07-14 14:46:19
226,male,1985-06-06,2023-07-14 14:57:44
227,male,1985-07-05,2023-07-14 15:21:12
228,male,1970-07-03,2023-07-14 15:47:09
229,female,1967-09-01,2023-07-15 07:13:55
230,female,1990-01-27,2023-07-15 09:43:08
231,male,2001-05-16,2023-07-15 10:36:30
232,male,1998-06-05,2023-07-15 10:59:15
233,female,1971-07-14,2023-07-15 11:08:47
234,male,2003-06-30,2023-07-15 11:08:54
235,female,1993-06-10,2023-07-15 11:26:19
236,female,1965-03-03,2023-07-15 11:39:19
237,female,1992-05-05,2023-07-15 12:00:43
238,male,1980-12-13,2023-07-15 12:13:39
239,female,2005-07-21,2023-07-15 12:21:59
240,female,2003-09-12,2023-07-15 12:41:48
241,female,1976-01-26,2023-07-15 12:44:12
242,female,1971-06-15,2023-07-15 13:06:20
243,male,1980-07-29,2023-07-15 13:21:36
244,male,1995-06-22,2023-07-15 13:45:45
245,female,1991-04-17,2023-07-15 13:55:21
246,female,1981-07-19,2023-07-15 13:57:52
247,female,1985-06-22,2023-07-15 14:06:23
248,female,1995-08-11,2023-07-15 14:10:31
249,male,1983-10-15,2023-07-15 14:44:32
250,female,1995-10-15,2023-07-15 14:59:24
251,male,1984-02-24,2023-07-15 15:48:57
252,male,1980-01-12,2023-07-16 09:51:15
253,female,1978-02-15,2023-07-16 09:54:11
254,female,2003-03-02,2023-07-16 10:30:03
255,female,1978-03-07,2023-07-16 11:04:56
256,male,1998-06-12,2023-07-16 11:15:14
257,male,1982-11-03,2023-07-16 11:18:33
258,female,1982-12-15,2023-07-16 12:06:45
259,female,1972-05-10,2023-07-16 12:08:24
260,female,1983-09-30,2023-07-16 12:16:40
261,male,1987-06-21,2023-07-16 12:29:21
262,male,1976-06-23,2023-07-16 12:53:58
263,male,1978-08-17,2023-07-16 13:00:06
264,female,1997-03-10,2023-07-16 13:04:45
265,male,1975-07-15,2023-07-16 13:19:06
266,female,1966-10-11,2023-07-16 14:04:09
267,female,2008-01-15,2023-07-16 14:10:02
268,male,1988-10-05,2023-07-16 15:24:54
269,male,1994-06-11,2023-07-16 15:49:55
270,male,1980-06-20,2023-07-16 17:49:12
271,female,1990-01-30,2023-07-16 18:40:06
272,female,1979-10-18,2023-07-17 07:35:05
273,female,1987-08-04,2023-07-17 07:50:44
274,female,1966-01-20,2023-07-17 08:06:52
275,male,2001-04-14,2023-07-17 09:00:43
276,female,2006-03-05,2023-07-17 09:34:29
277,male,1999-01-24,2023-07-17 10:15:43
278,male,1968-09-22,2023-07-17 10:17:11
279,female,1982-07-01,2023-07-17 11:18:34
280,male,1965-07-13,2023-07-17 12:18:16
281,female,1967-10-26,2023-07-17 12:44:29
282,male,1989-03-13,2023-07-17 12:56:05
283,female,1972-09-13,2023-07-17 13:03:28
284,female,1992-02-26,2023-07-17 13:12:14
285,female,1982-08-31,2023-07-17 13:20:10
286,female,1997-08-19,2023-07-17 14:01:31
287,female,1975-12-16,2023-07-17 15:53:46
288,male,1975-05-14,2023-07-18 08:40:30
289,female,1982-05-26,2023-07-18 09:08:38
290,female,1965-08-13,2023-07-18 09:10:35
291,female,1974-12-15,2023-07-18 09:50:19
292,male,1995-05-10,2023-07-18 10:28:43
293,female,1966-09-03,2023-07-18 10:37:44
294,male,2006-06-05,2023-07-18 11:17:10
295,male,1997-03-17,2023-07-18 11:38:19
296,female,1989-08-04,2023-07-18 11:42:09
297,male,1986-08-20,2023-07-18 11:57:08
298,female,2008-12-15,2023-07-18 12:51:16
299,male,2001-11-21,2023-07-18 12:52:33
300,female,1966-04-30,2023-07-18 13:12:22
301,female,1987-10-30,2023-07-18 13:36:57
302,male,1987-10-02,2023-07-18 14:06:13
303,male,1967-05-24,2023-07-18 14:59:23
304,female,1991-08-13,2023-07-18 19:38:51
305,female,1981-03-11,2023-07-19 11:08:15
306,male,1992-09-28,2023-07-19 11:29:22
307,male,1970-08-05,2023-07-19 12:11:26
308,female,1972-11-16,2023-07-19 12:34:31
309,female,1968-07-26,2023-07-19 12:52:32
310,female,1995-06-03,2023-07-19 12:58:05
311,male,1996-03-24,2023-07-19 13:17:10
312,female,1988-06-09,2023-07-19 13:25:52
313,female,1964-10-03,2023-07-19 13:28:15
314,female,1965-09-08,2023-07-19 14:01:33
315,male,2000-08-02,2023-07-19 14:17:06
316,male,1985-10-01,2023-07-19 14:32:49
317,female,2001-12-12,2023-07-19 14:33:36
318,female,1995-06-29,2023-07-19 14:48:25
319,female,2000-08-04,2023-07-20 09:24:36
320,male,2002-04-30,2023-07-20 09:28:05
321,male,1982-03-02,2023-07-20 09:59:22
322,male,1973-06-28,2023-07-20 10:00:41
323,male,1985-08-16,2023-07-20 11:15:50
324,female,2007-10-04,2023-07-20 11:38:18
325,male,1982-08-19,2023-07-20 11:54:02
326,male,1993-03-11,2023-07-20 12:16:17
327,female,1987-05-14,2023-07-20 12:41:21
328,male,1985-01-20,2023-07-20 13:03:07
329,male,2003-09-25,2023-07-20 13:06:10
330,female,1984-03-05,2023-07-20 13:22:57
331,male,1984-05-11,2023-07-20 13:58:05
332,male,1979-03-15,2023-07-20 13:59:12
333,female,1968-12-31,2023-07-20 15:09:37
334,male,1987-10-19,2023-07-20 16:21:55
335,male,1971-11-28,2023-07-21 09:33:13
336,female,1978-08-06,2023-07-21 09:40:42
337,male,1993-03-15,2023-07-21 10:15:10
338,male,2000-11-29,2023-07-21 10:25:12
339,female,1989-06-06,2023-07-21 10:30:50
340,male,1982-01-24,2023-07-21 11:11:54
341,female,1987-07-04,2023-07-21 11:35:17
342,female,1975-06-16,2023-07-21 11:43:51
343,female,1966-06-12,2023-07-21 12:04:15
344,female,1999-11-01,2023-07-21 12:18:39
345,male,1972-03-21,2023-07-21 13:08:06
346,male,1992-10-15,2023-07-21 13:41:40
347,male,2005-08-26,2023-07-21 13:44:25
348,female,1999-03-25,2023-07-21 13:54:25
349,female,1999-06-29,2023-07-22 07:29:26
350,female,2006-04-12,2023-07-22 07:50:41
351,male,1990-10-31,2023-07-22 09:57:08
352,female,1982-11-09,2023-07-22 10:43:57
353,male,1970-07-03,2023-07-22 10:51:15
354,male,1992-12-02,2023-07-22 11:12:22
355,female,1977-07-19,2023-07-22 11:28:09
356,female,2004-03-15,2023-07-22 11:29:15
357,male,1984-11-26,2023-07-22 11:48:08
358,male,1985-08-31,2023-07-22 11:52:38
359,female,2009-02-15,2023-07-22 11:53:05
360,female,1971-12-05,2023-07-22 11:58:09
361,female,1972-06-25,2023-07-22 12:04:49
362,male,1998-04-22,2023-07-22 12:14:25
363,male,1976-06-05,2023-07-22 12:34:43
364,female,2003-04-07,2023-07-22 12:38:57
365,male,1966-03-13,2023-07-22 12:50:22
366,male,1984-08-25,2023-07-22 13:23:06
367,male,1973-09-22,2023-07-22 13:36:39
368,female,1976-11-15,2023-07-22 14:06:14
369,male,1989-06-09,2023-07-22 14:08:22
370,male,2005-10-25,2023-07-22 14:46:53
371,female,1995-08-21,2023-07-22 14:52:55
372,male,1979-10-18,2023-07-22 14:57:39
373,male,1995-05-28,2023-07-22 15:00:06
374,female,1978-07-08,2023-07-22 15:08:14
375,male,2006-05-22,2023-07-22 15:18:38
376,male,1974-11-13,2023-07-22 15:27:35
377,female,1991-01-31,2023-07-22 15:28:06
378,male,2008-12-15,2023-07-22 16:10:20
379,male,1973-06-04,2023-07-22 17:43:59
380,male,1978-02-09,2023-07-23 09:35:43
381,female,1966-04-09,2023-07-23 09:45:59
382,male,2005-10-23,2023-07-23 10:58:10
383,female,1993-08-14,2023-07-23 11:02:27
384,female,1975-06-21,2023-07-23 12:06:44
385,male,1985-03-04,2023-07-23 13:13:13
386,female,1996-04-20,2023-07-23 13:45:29
387,male,1987-10-15,2023-07-23 13:52:33
388,female,1992-12-04,2023-07-23 13:58:18
389,female,1972-12-06,2023-07-23 14:06:29
390,male,2007-10-03,2023-07-23 14:51:34
391,female,2007-04-17,2023-07-23 15:22:29
392,male,1987-07-20,2023-07-23 17:17:03
393,female,1990-06-03,2023-07-24 08:30:33
394,male,1974-08-27,2023-07-24 08:54:45
395,male,1994-02-01,2023-07-24 09:47:26
396,male,2002-04-04,2023-07-24 10:03:33
397,female,1985-01-22,2023-07-24 10:10:14
398,male,1998-11-21,2023-07-24 10:14:22
399,female,1981-08-15,2023-07-24 10:24:26
400,male,1981-04-25,2023-07-24 10:38:53
401,male,1973-10-28,2023-07-24 11:20:34
402,female,1969-05-13,2023-07-24 11:51:55
403,female,1992-09-17,2023-07-24 12:17:16
404,male,1986-03-29,2023-07-24 12:17:59
405,male,2005-06-09,2023-07-24 12:21:17
406,male,2003-08-01,2023-07-24 12:33:02
407,female,1967-07-06,2023-07-24 12:40:23
408,female,1973-05-29,2023-07-24 12:41:18
409,male,1998-03-21,2023-07-24 13:32:51
410,female,1998-06-05,2023-07-24 13:34:55
411,female,2001-02-21,2023-07-24 13:35:04
412,female,1985-06-20,2023-07-24 13:38:27
413,male,1975-05-14,2023-07-24 15:28:54
414,male,2007-05-22,2023-07-24 16:20:08
415,female,1970-05-13,2023-07-24 17:08:33
416,male,2006-08-22,2023-07-25 07:46:14
417,female,2006-07-19,2023-07-25 08:57:41
418,male,1980-01-17,2023-07-25 09:02:01
419,male,1984-10-10,2023-07-25 09:15:28
420,female,1988-06-21,2023-07-25 09:51:38
421,male,1998-12-06,2023-07-25 10:53:42
422,male,1980-12-02,2023-07-25 11:17:46
423,female,2004-10-23,2023-07-25 11:20:37
424,female,2006-09-28,2023-07-25 11:38:59
425,male,1976-02-02,2023-07-25 11:47:34
426,male,2002-10-31,2023-07-25 11:48:07
427,female,1998-10-10,2023-07-25 11:55:15
428,male,1973-11-21,2023-07-25 11:59:03
429,female,1969-07-02,2023-07-25 12:04:36
430,female,1992-01-12,2023-07-25 12:09:16
431,female,1995-11-02,2023-07-25 12:16:49
432,female,1980-03-17,2023-07-25 12:33:22
433,female,1975-01-27,2023-07-25 13:19:18
434,female,1993-03-04,2023-07-25 13:21:49
435,female,1991-03-03,2023-07-25 14:03:43
436,male,1999-05-13,2023-07-25 14:21:04
437,female,2000-12-05,2023-07-25 14:32:42
438,male,1997-05-03,2023-07-25 14:35:03
439,female,1993-11-30,2023-07-25 15:54:18
440,female,1994-10-11,2023-07-25 17:25:49
441,female,2001-01-27,2023-07-25 17:56:34
442,female,1992-06-22,2023-07-25 18:55:36
443,female,2006-12-23,2023-07-26 09:36:51
444,male,1970-03-06,2023-07-26 10:00:38
445,female,1966-05-04,2023-07-26 10:20:03
446,male,1988-08-04,2023-07-26 10:28:03
447,female,1972-01-03,2023-07-26 11:11:55
448,male,1984-05-22,2023-07-26 11:28:25
449,female,1991-06-01,2023-07-26 11:29:41
450,male,2000-04-01,2023-07-26 11:51:12
451,male,2006-09-27,2023-07-26 12:22:43
452,female,1990-02-22,2023-07-26 12:28:42
453,female,1997-03-06,2023-07-26 12:36:18
454,female,1987-02-11,2023-07-26 13:25:04
455,male,1998-03-17,2023-07-26 13:31:37
456,male,2006-10-18,2023-07-26 13:39:44
457,female,2002-01-15,2023-07-26 13:53:19
458,female,2006-12-16,2023-07-26 13:57:44
459,male,1985-05-22,2023-07-26 14:15:20
460,female,1981-12-09,2023-07-26 14:33:59
461,female,1993-10-07,2023-07-26 15:23:28
462,male,1996-03-14,2023-07-26 15:25:36
463,male,1966-09-09,2023-07-26 15:57:15
464,female,1976-06-01,2023-07-26 16:36:03
465,female,1981-07-25,2023-07-26 16:58:32
466,male,1967-11-29,2023-07-27 07:30:16
467,female,1981-03-08,2023-07-27 07:46:26
468,female,1995-12-19,2023-07-27 09:54:39
469,male,1991-03-25,2023-07-27 10:20:52
470,female,2000-09-03,2023-07-27 11:03:38
471,female,1994-11-13,2023-07-27 11:14:37
472,male,1994-03-25,2023-07-27 11:14:57
473,female,1965-09-14,2023-07-27 11:20:10
474,male,1968-06-19,2023-07-27 11:52:03
475,female,2001-12-07,2023-07-27 11:59:45
476,female,1967-04-01,2023-07-27 11:59:47
477,female,1994-12-25,2023-07-27 12:34:19
478,female,2000-02-02,2023-07-27 12:36:46
479,female,1993-08-19,2023-07-27 12:43:19
480,male,2005-03-02,2023-07-27 13:11:12
481,female,1975-05-21,2023-07-27 13:34:16
482,male,1994-01-25,2023-07-27 14:10:20
483,female,1983-11-16,2023-07-27 14:14:08
484,female,1977-12-07,2023-07-27 15:52:06
485,female,1994-01-28,2023-07-27 17:21:37
486,male,2007-11-01,2023-07-28 10:36:20
487,male,1980-06-03,2023-07-28 10:47:23
488,female,2001-12-26,2023-07-28 10:48:58
489,male,1968-06-21,2023-07-28 10:53:19
490,male,1979-06-30,2023-07-28 12:05:55
491,female,1978-11-22,2023-07-28 12:18:40
492,female,1977-02-20,2023-07-28 12:23:26
493,female,2000-07-14,2023-07-28 12:23:58
494,male,2006-05-24,2023-07-28 12:33:01
495,female,2003-06-10,2023-07-28 12:41:51
496,female,1974-03-09,2023-07-28 12:52:12
497,female,1986-02-01,2023-07-28 13:25:42
498,female,1980-05-23,2023-07-28 13:44:00
499,female,1985-01-18,2023-07-28 13:48:08
500,female,1976-12-14,2023-07-28 13:54:49
501,female,1968-09-17,2023-07-28 14:03:48
502,female,1979-09-05,2023-07-28 14:29:35
503,male,1977-07-28,2023-07-28 15:54:03
504,male,1997-10-24,2023-07-28 16:51:04
505,female,1991-05-06,2023-07-28 17:13:45
506,female,1971-11-23,2023-07-29 07:17:53
507,female,1973-05-29,2023-07-29 09:36:11
508,male,1995-12-09,2023-07-29 10:01:26
509,female,1978-05-08,2023-07-29 10:06:28
510,male,1979-08-27,2023-07-29 10:12:41
511,male,1964-10-21,2023-07-29 10:34:39
512,female,1966-10-08,2023-07-29 10:59:58
513,male,1990-03-01,2023-07-29 11:26:47
514,female,1986-09-12,2023-07-29 11:28:00
515,male,1990-09-07,2023-07-29 11:52:52
516,female,1987-02-15,2023-07-29 11:53:49
517,female,1970-12-14,2023-07-29 12:07:21
518,male,1996-06-23,2023-07-29 12:15:47
519,male,1984-07-09,2023-07-29 12:30:37
520,male,1992-12-01,2023-07-29 12:53:30
521,female,1985-04-03,2023-07-29 12:57:53
522,female,1978-05-18,2023-07-29 13:11:22
523,female,2007-05-24,2023-07-29 13:34:48
524,female,1989-08-22,2023-07-29 13:48:22
525,male,1968-12-21,2023-07-29 14:06:04
526,female,1989-06-12,2023-07-29 14:11:42
527,male,1965-11-12,2023-07-29 14:34:27
528,male,2003-09-13,2023-07-29 15:13:24
529,male,1994-01-08,2023-07-29 15:17:31
530,female,1967-03-30,2023-07-29 15:56:49
531,female,2002-07-09,2023-07-29 17:39:00
532,female,2005-09-27,2023-07-30 08:07:49
533,female,2006-01-04,2023-07-30 09:01:02
534,female,2001-11-06,2023-07-30 09:26:46
535,male,1971-06-08,2023-07-30 10:02:57
536,male,2009-04-04,2023-07-30 10:05:37
537,male,1965-06-12,2023-07-30 10:10:59
538,female,1989-12-31,2023-07-30 10:49:55
539,male,2009-04-05,2023-07-30 11:17:26
540,female,1989-11-09,2023-07-30 11:21:23
541,female,1975-06-12,2023-07-30 11:46:22
542,male,1977-06-26,2023-07-30 11:57:09
543,male,1995-04-04,2023-07-30 11:59:48
544,male,1982-04-26,2023-07-30 12:17:57
545,male,2001-05-04,2023-07-30 12:46:34
546,female,1967-02-07,2023-07-30 13:01:54
547,male,1974-05-09,2023-07-30 13:02:59
548,female,1987-02-27,2023-07-30 13:04:38
549,female,1973-08-15,2023-07-30 13:34:57
550,female,1989-04-28,2023-07-30 13:42:18
551,female,1991-05-03,2023-07-30 13:44:14
552,female,2006-06-12,2023-07-30 13:53:17
553,female,1986-05-24,2023-07-30 13:56:54
554,male,2002-01-02,2023-07-30 14:33:54
555,male,1995-07-15,2023-07-30 14:35:13
556,female,1975-06-10,2023-07-30 14:38:47
557,female,1982-10-25,2023-07-30 14:46:27
558,female,1985-09-15,2023-07-30 14:48:27
559,female,1981-03-03,2023-07-30 15:00:17
560,female,2007-03-29,2023-07-30 15:03:11
561,male,1987-07-18,2023-07-30 15:46:22
562,female,1996-07-05,2023-07-31 07:27:16
563,female,2004-10-28,2023-07-31 09:17:23
564,male,1981-07-21,2023-07-31 09:41:32
565,male,1997-09-06,2023-07-31 10:01:00
566,male,2008-05-05,2023-07-31 10:20:08
567,female,2007-08-28,2023-07-31 10:34:16
568,male,2002-05-30,2023-07-31 10:46:53
569,male,1992-06-29,2023-07-31 11:29:29
570,female,1992-11-02,2023-07-31 12:02:56
571,male,1979-02-18,2023-07-31 12:17:32
572,female,1983-01-05,2023-07-31 12:27:22
573,female,1996-02-12,2023-07-31 12:42:25
574,female,1965-03-31,2023-07-31 13:43:35
575,male,2007-04-25,2023-07-31 14:24:32
576,male,1966-02-08,2023-07-31 14:50:12
577,female,2001-04-28,2023-07-31 14:53:11
578,male,1983-02-07,2023-07-31 15:32:39
579,male,1965-08-28,2023-07-31 16:50:57
580,female,1986-08-29,2023-07-31 16:53:23
